name,age
Nicoli,5
Kate,14
Gretal,43
Nerta,22
Ann-Marie,10
Grier,50
Sandie,16
Kalina,27
Shaine,53
Dania,13
Sissy,38
Karlee,58
Eolanda,41
Paule,20
Jessy,5
Cecile,58
Donetta,17
Di,57
Alameda,3
Marita,16
Rozele,19
Ellette,19
Sashenka,35
Marti,55
Halette,49
Dale,20
Sheree,12
Ricky,12
Karina,43
Dennie,35
Kial,5
Marjie,2
Inga,50
Raquela,35
Orelia,42
Dotty,1
Cristine,23
Marguerite,57
Leeanne,30
Ada,42
Libbie,57
Winifred,27
Elfreda,12
Doralynne,59
Ira,14
Brianna,40
Harmonia,32
Anthia,23
Deirdre,7
Kimberley,38
Clementine,5
Adele,15
Sonni,50
Jere,15
Almeta,44
Romona,48
Anica,36
Marjie,52
Georgetta,31
Dyann,8
Demetris,4
Grier,37
Shauna,43
Renae,32
Debee,54
Tressa,7
Verla,44
Cherrita,41
Frances,12
Hyacinthe,16
Vita,21
Jaime,40
Lolita,34
Oralee,43
Inga,12
Aryn,39
Vanessa,44
Starla,45
Norine,2
Karlee,33
Merrie,2
Ermengarde,40
Caryl,52
Demetris,18
Marline,46
Sherrie,40
Marjie,4
Leia,54
Romona,47
Alyssa,46
Nannie,58
Flo,20
Cacilie,59
Chere,49
Mamie,50
Lorie,37
Emylee,1
Merrie,46
Gavrielle,2
Stacey,4
Brandise,53
Ardenia,10
Janeczka,7
Anallese,32
Max,42
Kaja,17
Robbi,50
Dorene,37
Johna,40
Mildrid,49
Correy,47
Dania,8
Suzette,18
Olivette,13
Maurene,17
Mireielle,58
Larine,6
Delilah,2
Darci,59
Dulce,26
Alyda,35
Iseabal,30
Libbie,50
Jessy,5
Britte,58
Viki,27
Nanete,27
Katuscha,32
Emelina,52
Nannie,13
Aaren,38
Randa,5
Jany,8
Paule,43
Max,7
Susette,56
Louella,20
Sindee,60
Brynna,27
Valera,45
Charlena,26
Margette,59
Corina,50
Blinni,34
Charmaine,58
Frances,12
Isa,23
Goldie,39
Letizia,44
Wynne,47
Pamella,23
Pollyanna,22
Sophia,53
Averyl,57
Demetris,49
Anica,52
Karena,30
Nessie,31
Hollie,59
Tori,52
Drucie,59
Catrina,51
Blinni,8
Dania,30
Joleen,38
Ketti,6
Pierette,53
Cassandra,43
Doro,22
Maridel,6
Shandie,15
Loree,46
Ebonee,5
Esmeralda,39
Rochette,20
Charmaine,7
Carmencita,1
Evita,38
Felice,23
Lila,17
Janenna,32
Alex,47
Max,31
Hyacinthe,55
Romona,6
Phylis,48
Charmaine,44
Kelly,15
Kirstin,26
Nadine,60
Cherrita,4
Pamella,37
Kittie,32
Meg,25
Robbi,54
Bibby,17
Olwen,56
Lory,9
Dorthy,4
Gwenneth,55
Shaylyn,12
Winny,47
Lexine,47
Sophia,33
Merrie,56
Siana,23
Malina,9
Lisette,51
Karlee,14
Jobi,12
Vere,6
Jaime,27
Marjie,26
Meg,2
Dagmar,41
Orelia,44
Odessa,17
Charmaine,2
Peri,1
Brietta,5
Odessa,50
Annecorinne,2
Claudina,38
Meg,22
Aurore,40
Nicoli,37
Marnia,17
Chandra,50
Leanna,5
Basia,39
Sybille,51
Fanny,31
Clarice,29
Lacie,54
Di,22
Maryellen,19
Consuela,39
Kylynn,21
Felice,17
Netty,31
Cherilyn,20
Etta,22
Cindelyn,36
Deirdre,34
Anestassia,38
Marti,52
Caritta,22
Perry,3
Oralee,14
Celestyna,4
Joy,52
Jenilee,46
Leontine,58
Tatiania,20
Consuela,4
Elora,2
Mignon,25
Jean,50
Clementine,9
Thalia,11
Valeda,31
Tonia,42
Morganica,47
Rozele,60
Merle,18
Cathyleen,24
Nonnah,60
Jsandye,16
Roz,59
Nollie,29
Florencia,38
Shel,45
Mamie,42
Annabela,24
Latisha,50
Kirbee,15
Nicoli,59
Johna,23
Tina,51
Tori,48
Hettie,49
Neila,25
Evaleen,1
Gavrielle,27
Adriana,9
Bill,33
Doralynne,42
Sharai,5
Jolyn,26
Maisey,41
Kathi,7
Mireielle,38
Edee,18
Tierney,49
Joelly,20
Marline,56
Althea,42
Johna,58
Correy,30
Tracey,47
Audrie,12
Marleah,9
Rhoda,28
Beth,56
Janey,9
Moyna,21
Constance,29
Gratia,32
Jasmina,37
Frieda,46
Isa,19
Merry,21
Misha,18
Mireielle,54
Karlee,3
Lynnea,34
Jenda,25
Kristan,1
Kristina,30
Fawne,23
Karlee,13
Lynnea,15
Berta,26
Lisette,38
Mureil,10
Shaylyn,14
Melanie,30
Janis,17
Mara,32
Gavrielle,31
Jennica,20
Magdalena,31
Elvira,22
Karina,43
Perry,1
Marjie,46
Barbara,55
Cathie,27
Katuscha,46
Sibella,32
Bee,32
Anallese,49
Charlena,60
Corry,11
Marguerite,3
Genevra,4
Lusa,23
Amalie,26
Belva,23
Jsandye,27
Anthia,37
Jacquetta,54
Talya,12
Emmey,25
Alia,48
Cristabel,54
Abbie,34
Sabina,26
Max,22
Fernande,22
Loree,11
Dolli,9
Alleen,50
Ethel,37
Joane,57
Nannie,48
Hildegaard,26
Steffane,20
Betta,2
Nikki,3
Evaleen,43
Isa,37
Lacie,7
Beth,48
Carmela,29
Gaylene,48
Anica,2
Myriam,22
Sharlene,15
Netty,51
Lindie,20
Britte,17
Elena,13
Rosaline,32
Lucy,11
Noelle,37
Janenna,50
Zsa Zsa,36
Gaylene,56
Camile,56
Florie,31
Cassondra,9
Felice,41
Leanna,5
Maridel,13
Reeba,43
Kara-Lynn,45
Tori,26
Viviene,24
Myriam,29
Deane,29
Marcelline,58
Claudina,1
Penelopa,20
Trixi,23
Lily,18
Valli,25
Letizia,60
Damaris,24
Kaja,6
Beatriz,28
Kassey,8
Tabbatha,12
Katuscha,56
Sophia,59
Nickie,2
Kellen,56
Ida,19
Heddie,33
Sybille,36
Ada,36
Melina,45
Inga,55
Rivalee,43
Asia,8
Marcelline,31
Edyth,13
Christian,11
Tori,35
Fred,44
Flory,14
Lyssa,30
Emmey,49
Vonny,56
Harrietta,53
Leanna,1
Dotty,35
Alisha,23
Alejandra,32
Aaren,8
Sandie,14
Nonnah,24
Marika,20
Deedee,36
Fernande,18
Kalina,31
Cassandra,19
Evita,8
Dianemarie,13
Kassey,38
Daphne,1
Kalina,42
Marinna,47
Elvira,59
Raf,53
Paulita,9
Helsa,16
Karolina,49
Elise,16
Chastity,31
Annecorinne,29
Silvana,39
Jere,8
Ayn,7
Ira,26
Mariann,12
Merle,11
Bertine,39
Calla,46
Odessa,56
Katleen,25
Agnese,56
Rubie,16
Cyb,3
Veda,27
Ingrid,18
Winifred,13
Paule,18
Correy,2
Courtnay,47
Annabela,49
Dania,49
Britni,33
Candi,32
Lily,34
Mignon,13
Reeba,9
Trixi,3
Antonietta,46
Aurelie,39
Arlena,11
Nita,40
Jaclyn,23
Bobbi,6
Jere,35
Misha,56
Jessy,32
Kalina,13
June,35
Oona,23
Shaine,5
Darlleen,55
Keelia,29
Tilly,2
Minda,19
Nelle,12
Kelly,18
Veda,20
Elyssa,39
Brandise,22
Carlie,37
Elvira,60
Codie,40
Fernande,29
Jordan,2
Jessamyn,57
Courtnay,54
Livvyy,46
Wileen,46
Vivia,24
Rubie,21
Ofilia,22
Sybille,39
Oralee,10
Flory,19
Oralee,36
Linet,3
Merrie,9
Gratia,29
Bettine,34
Bettine,40
Cacilie,56
Kittie,33
Kellen,56
Margalo,30
Jobi,32
Lila,49
Valera,8
Adriana,56
Ninnetta,59
Brynna,24
Odessa,34
Merrie,10
Chastity,27
Courtnay,56
Christal,17
Yvonne,51
Tiffie,8
Janeczka,21
Darlleen,59
Giustina,25
Beverley,8
Gretal,12
Hope,50
Tatiania,34
Melanie,4
Barbi,50
Shauna,12
Bobinette,56
Charmaine,41
Carol-Jean,9
Queenie,58
Lulita,40
Odessa,39
Tiffie,49
Shauna,3
Tomasina,10
Myriam,7
Fredericka,33
Moyna,60
Madeleine,11
Camile,41
Pollyanna,4
Nanete,52
Aubrie,22
Constance,49
Alie,22
Diena,24
Elvira,12
Carmela,17
Glenda,17
Diena,34
Dulcinea,56
Misha,19
Janey,48
Shell,49
Gusty,56
Maisey,18
Mignon,56
Sophia,17
Noelle,23
Gerrie,19
Evaleen,51
Kara-Lynn,27
Janey,46
Kirstin,2
Nicoli,59
Lenna,35
Deane,18
Queenie,2
Modestia,45
Elora,11
Laure,58
Meg,50
Selia,41
Valera,45
Ursulina,38
Jany,12
Kara-Lynn,49
Ada,11
Orelia,42
Tatiania,10
Nannie,36
Ronna,27
Ernesta,49
Jemie,30
Sandie,29
Briney,11
Oralee,29
Lindie,59
Rani,40
Wileen,3
Jenilee,52
Deedee,46
Caritta,5
Andree,22
Susan,8
Mamie,52
Laurene,13
Tani,60
Cyb,53
Leia,43
Minne,1
Berta,16
Nataline,5
Nicoli,33
Deane,35
Deloria,37
Devina,48
Kathy,38
Odessa,54
Jessamyn,2
Sheelagh,55
Hannis,23
Maridel,19
Corry,35
Jeanna,60
Thalia,54
Yetty,43
Isa,8
Olwen,4
Judy,8
Aaren,50
Dulce,5
Fidelia,14
Monika,14
Corene,42
Zaria,1
Angela,8
Paulita,3
Justinn,20
Dorothy,45
Tani,45
Liana,14
Riannon,16
Melina,16
Helsa,21
Charissa,49
Lynea,49
Tarra,7
Imojean,38
Susette,24
Bernie,46
Verla,16
Valera,52
Selia,8
Georgetta,15
Gilligan,14
Mellicent,42
Tori,50
Larine,45
Kimberley,2
Sashenka,9
Shannah,2
Phedra,36
Cecile,57
Dari,9
Sheelagh,52
Christian,60
Jemie,4
Max,29
Ekaterina,50
Lulita,12
Nicoli,22
Mara,42
Tybie,26
Adele,16
Gwyneth,29
Kerrin,47
Susan,24
Rosaline,3
Inga,45
Andeee,12
Dale,33
Lauryn,41
Britte,54
Cherrita,29
Vinita,36
Norine,16
Rori,6
Edyth,20
Dione,14
Alameda,43
Bibby,13
Selma,30
Halette,38
Dorthy,2
Dulcinea,40
Ekaterina,5
Sara-Ann,18
Melisent,5
Beatriz,1
Ninnetta,56
Roxane,26
Shandie,41
Jaclyn,13
Chrystel,9
Louella,50
Tilly,17
Glenda,17
Dede,28
Romona,5
Siana,6
Sam,19
Susan,20
Sheelagh,57
Kellen,39
Susette,36
Leona,54
Roslyn,40
Perry,8
Tonia,29
Consuela,6
Linet,13
Rozele,55
Tersina,9
Lindie,30
Jessy,16
Jerry,16
Rori,43
Vonny,27
Karina,40
Frieda,29
Susan,46
Dawn,43
Margarette,44
Fawne,38
Shannah,51
Evaleen,1
Albertina,54
Lenna,15
Ashlee,9
Devina,30
Mara,47
Pierette,33
Dode,11
Andeee,43
Renie,4
Shel,36
Babita,2
Jorry,26
Janis,35
Linzy,41
Allyce,23
Annecorinne,28
Rosabelle,29
Bibby,60
Lita,11
Margette,24
Olivette,24
Sherrie,28
Carol-Jean,7
Livvyy,36
Tiffie,55
Janenna,46
Jenda,35
Chloris,56
Mariele,23
Christy,60
Merci,6
Phedra,39
Lucy,25
Mamie,42
Randa,7
Eolanda,50
Blinni,39
Arlina,13
Konstance,31
Kerrin,28
Eadie,46
Loree,54
Tierney,28
Verla,47
Abbie,56
Ursulina,35
Patricia,35
Delilah,28
Jolyn,57
Elvira,10
Augustine,32
Lindie,18
Jessamyn,45
Aurore,26
Blinni,9
Wileen,20
Agathe,56
Tracey,22
Paola,44
Corina,23
Lanae,10
Elena,4
Basia,37
Sarette,54
Winifred,25
Adelle,6
Tani,21
Alia,32
Heddie,27
Alleen,28
Charmaine,24
Starla,40
Kristina,36
Lyssa,32
Danika,5
Tomasina,46
Selma,5
Lexine,59
Florie,14
Neila,48
Fina,12
Collen,56
Mellicent,45
Raquela,56
Leontine,1
Olivette,39
Loree,9
Albertina,3
Gerianna,59
Corly,5
Gwenneth,42
Vanessa,55
Nannie,30
Daune,1
Tierney,14
Jennica,24
Berget,34
Tiffie,31
Sandie,32
Marline,42
Gwenneth,37
Gwyneth,52
Heddie,38
Dede,39
Corly,1
Glenda,46
Myrtice,14
Carol-Jean,47
Viki,23
Renie,3
Mureil,37
Thalia,3
Dyann,53
Celisse,32
Gaylene,7
Lelah,2
Merci,18
Louella,38
Shannah,59
Sam,57
Danika,43
Carmencita,3
Anthia,52
Alexine,26
Gerianna,35
Kimmy,58
Tracey,37
Mara,59
Caritta,35
Deloria,34
Ileana,58
Maye,43
Raf,40
Demetris,13
Cindelyn,28
Ardenia,19
Marleah,1
Raquela,25
Esmeralda,35
Caritta,15
Lucy,36
Melanie,20
Gretal,56
Jasmina,22
Coral,23
Codie,20
Agathe,15
Gavrielle,7
Romona,9
Olivette,41
Estell,14
Sandie,16
Edee,59
Jordan,55
Lilith,46
Trixi,4
Gratia,43
Susette,38
Sara-Ann,2
Madeleine,14
Hyacinthe,40
Janeczka,40
Elyssa,25
Alyssa,37
Raf,16
Tressa,28
Marti,56
Angela,24
Wendi,43
Larine,45
Phedra,44
Nannie,59
Yvonne,6
Lanae,59
Renie,12
Ericka,12
Aeriela,1
Penelopa,25
Henriette,25
Consuela,8
Renae,36
Fanchon,2
Molli,25
Veda,16
Charissa,12
Alie,12
Mellicent,21
Libbie,55
Halette,22
Antonietta,27
Morganica,10
Eadie,8
Yolane,59
Lelah,1
Barbara,10
Celisse,53
Tarra,18
Margette,23
Tonia,40
Corly,34
Valera,13
Allis,19
Karlee,49
Gilligan,24
Fanchon,31
Marinna,29
Deane,52
Mara,47
Cherilyn,4
Tani,40
Aili,44
Veda,7
Lorne,41
Olivette,27
Mary,10
Libbie,57
Laure,12
Selia,60
Felice,37
Janeczka,2
Blondelle,18
Loree,2
Benita,36
Damaris,31
Sissy,13
Steffane,24
Ayn,28
Candy,35
Berta,28
Kore,51
Linzy,38
Fernande,14
Dorene,14
Shaylyn,24
Brana,37
Sherrie,28
Katuscha,17
Stephanie,16
Sarette,57
Wileen,46
Max,13